n,sourcePath,sourceFileType,buildTool,buildToolVersion,checksum,lineCount
1,"system.properties",Properties.File,mod,3.34.1,9607b2dcfeb6482ed5b9e67107c9fdc8,21
2,"NOTICE",Quark,mod,3.34.1,938b07bbca644dfd6e1018dbdaeb678d,0
3,"ParseFailures.xlsx",Quark,mod,3.34.1,837fa40658a46f384a13085073111e1e,0
4,"Procfile",Quark,mod,3.34.1,d3641a84ce682291f32d00b0abe6e42e,0
5,"RecipeRunStats.xlsx",Quark,mod,3.34.1,d3e65b9e3c3bc8b2d0b610499be96ae1,0
6,"SourcesFileErrors.xlsx",Quark,mod,3.34.1,bbe11f78940646b1a305b9c3ed6768ba,0
7,"etc/DataCustodianDatabaseSchema.png",Quark,mod,3.34.1,5a59446f1a18b2f4b7ae94505a86b697,0
8,"etc/NOTICE.template",Quark,mod,3.34.1,938609fcf61575f3fdbe47c3ba1868f0,0
9,"etc/OAuthTokenstore.mwb",Quark,mod,3.34.1,b22e44531ab8bc83edf212fe744aa4c3,0
10,"src/main/webapp/images/bg.gif",Quark,mod,3.34.1,cc150eebddb42508d650613a18c75007,0
11,"src/main/webapp/images/header.jpg",Quark,mod,3.34.1,5910d6396db3569159aac638f7dfb7aa,0
12,"src/main/webapp/resources/ico/apple-touch-icon-114-precomposed.png",Quark,mod,3.34.1,70ad8b7557de8b38434cf48741358c32,0
13,"src/main/webapp/resources/ico/apple-touch-icon-144-precomposed.png",Quark,mod,3.34.1,e0359104c17d82f80853ad885bb4b639,0
14,"src/main/webapp/resources/ico/apple-touch-icon-57-precomposed.png",Quark,mod,3.34.1,8657301384d4507abd75822c4a197c19,0
15,"src/main/webapp/resources/ico/apple-touch-icon-72-precomposed.png",Quark,mod,3.34.1,38f0dd9f645b0d61f4a75ded55ee4270,0
16,"src/main/webapp/resources/ico/favicon.ico",Quark,mod,3.34.1,d41d8cd98f00b204e9800998ecf8427e,0
17,"src/main/webapp/resources/ico/favicon.png",Quark,mod,3.34.1,af413d37482ba4b86d6d116464adb891,0
18,"src/main/webapp/resources/img/Green_Download_265.png",Quark,mod,3.34.1,bb2738140f6329348d8dd4c95515b9f5,0
19,"src/main/webapp/resources/img/bootstrap-docs-readme.png",Quark,mod,3.34.1,74ad9a3fbfb97ba43bde9d233b767313,0
20,"src/main/webapp/resources/img/bootstrap-mdo-sfmoma-01.jpg",Quark,mod,3.34.1,b1cc728f0903646228442f12afec0559,0
21,"src/main/webapp/resources/img/bootstrap-mdo-sfmoma-02.jpg",Quark,mod,3.34.1,549566bb4845325cc6948228d6c38acb,0
22,"src/main/webapp/resources/img/bootstrap-mdo-sfmoma-03.jpg",Quark,mod,3.34.1,0f3d7962844ef53c334739a1eabd0e08,0
23,"src/main/webapp/resources/img/bs-docs-bootstrap-features.png",Quark,mod,3.34.1,d1513914a18d407041962ecefaa7a844,0
24,"src/main/webapp/resources/img/bs-docs-masthead-pattern.png",Quark,mod,3.34.1,4a5016b3d92e6cce0b58f7a7bde51483,0
25,"src/main/webapp/resources/img/bs-docs-responsive-illustrations.png",Quark,mod,3.34.1,b0aebcd0d2ac416325b9f4878c41a924,0
26,"src/main/webapp/resources/img/bs-docs-twitter-github.png",Quark,mod,3.34.1,532b771c868f8762939603e0125bbd6f,0
27,"src/main/webapp/resources/img/example-sites/8020select.png",Quark,mod,3.34.1,a5dbe6149557ea51d0d2368a53fd9890,0
28,"src/main/webapp/resources/img/example-sites/adoptahydrant.png",Quark,mod,3.34.1,1148bbdac7018e1d962a311fc714158e,0
29,"src/main/webapp/resources/img/example-sites/breakingnews.png",Quark,mod,3.34.1,d615956128b728123b2b9e5026010ef3,0
30,"src/main/webapp/resources/img/example-sites/fleetio.png",Quark,mod,3.34.1,366973b1baa7400daf1d96124b2a6811,0
31,"src/main/webapp/resources/img/example-sites/gathercontent.png",Quark,mod,3.34.1,bbb46dba72bc25230327e0b65440b736,0
32,"src/main/webapp/resources/img/example-sites/jshint.png",Quark,mod,3.34.1,eb3fc4a81330ea6763b4b06932433e89,0
33,"src/main/webapp/resources/img/example-sites/kippt.png",Quark,mod,3.34.1,d9b79b43d91ee21c2043f096d9058dae,0
34,"src/main/webapp/resources/img/example-sites/soundready.png",Quark,mod,3.34.1,63947fff5313cbbeeb69dbf3b9a59d68,0
35,"src/main/webapp/resources/img/examples/bootstrap-example-carousel.png",Quark,mod,3.34.1,1299f7dc65a9d6fbc88ab759f2d151f3,0
36,"src/main/webapp/resources/img/examples/bootstrap-example-fluid.png",Quark,mod,3.34.1,b47a77514b63b6ec1c78d3bc229f1c8e,0
37,"src/main/webapp/resources/img/examples/bootstrap-example-justified-nav.png",Quark,mod,3.34.1,23c22a9e0e40ebf3cc543ad8725d3215,0
38,"src/main/webapp/resources/img/examples/bootstrap-example-marketing-narrow.png",Quark,mod,3.34.1,a1fe1bf6056324c2ee31b499c24615e1,0
39,"src/main/webapp/resources/img/examples/bootstrap-example-marketing.png",Quark,mod,3.34.1,b5f5ebbc67230c215cddb2de241c43e9,0
40,"src/main/webapp/resources/img/examples/bootstrap-example-signin.png",Quark,mod,3.34.1,c02f6d7022e5933e97c3d21e9c530eb8,0
41,"src/main/webapp/resources/img/examples/bootstrap-example-starter.png",Quark,mod,3.34.1,557cd4dbae3a5ea0eecd8e810d3cac3c,0
42,"src/main/webapp/resources/img/examples/bootstrap-example-sticky-footer.png",Quark,mod,3.34.1,56c49b2df68e71d4063f06c8ea8ee627,0
43,"src/main/webapp/resources/img/examples/browser-icon-chrome.png",Quark,mod,3.34.1,1352bd367f684c39b0d570342030df5d,0
44,"src/main/webapp/resources/img/examples/browser-icon-firefox.png",Quark,mod,3.34.1,34a946b5488e82ee6cdff63853fbd0ee,0
45,"src/main/webapp/resources/img/examples/browser-icon-safari.png",Quark,mod,3.34.1,b03be2ba163a44fbe3e3b7dcfc7070ea,0
46,"src/main/webapp/resources/img/examples/slide-01.jpg",Quark,mod,3.34.1,d0e59426feb65a5fb86f05128cd386e1,0
47,"src/main/webapp/resources/img/examples/slide-02.jpg",Quark,mod,3.34.1,4e4d50fdbdde3d95b265b8daf9cc3681,0
48,"src/main/webapp/resources/img/examples/slide-03.jpg",Quark,mod,3.34.1,b297c41ce0f7de5c78bea8fa85afadf7,0
49,"src/main/webapp/resources/img/glyphicons-halflings-white.png",Quark,mod,3.34.1,9bbc6e9602998a385c2ea13df56470fd,0
50,"src/main/webapp/resources/img/glyphicons-halflings.png",Quark,mod,3.34.1,2516339970d710819585f90773aebe0a,0
51,"src/main/webapp/resources/img/grid-baseline-20px.png",Quark,mod,3.34.1,dc51a53364fe5938b1a91bccb45ed81e,0
52,"src/main/webapp/resources/img/less-logo-large.png",Quark,mod,3.34.1,5551d0f2a58169e12153be44fd195ddb,0
53,"src/main/webapp/resources/img/responsive-illustrations.png",Quark,mod,3.34.1,1d470a75abedec0c8b14c6c379bb0a94,0
54,"src/main/webapp/resources/less/datepicker.less",Quark,mod,3.34.1,790b79bca988fb0bb0af89597dd3261b,0
55,".circleci/config.yml",Yaml.Documents,mod,3.34.1,6d35de1c1534c3831a12727234f191fb,47
56,".gitignore",PlainText,mod,3.34.1,41516980e92ed1f55f4c7eae0324e737,147
57,".mvn/wrapper/MavenWrapperDownloader.java",PlainText,mod,3.34.1,b61b4e1394e6ee348fca664a7cb9d9f9,117
58,".sdkmanrc",PlainText,mod,3.34.1,3c8003b16ffc10846dbc5df820c60d7e,3
59,"CONTRIBUTING.md",PlainText,mod,3.34.1,65f23a01fd923f53e882aa331158d258,82
60,"LICENSE",PlainText,mod,3.34.1,86d3f3a95c324c9479bd8986968f4327,201
61,"README.md",PlainText,mod,3.34.1,e9a62049e84a54736b52165256eb0c93,104
62,"etc/DataCustodianMySQL.sql",PlainText,mod,3.34.1,c1a37794b157572098f8c0c67e9b9f65,675
63,"spring-dependencies.txt",PlainText,mod,3.34.1,7ede72fc7ad849b27b78293ae407efa0,20
64,"src/main/webapp/resources/bootstrap-datetimepicker-0.0.11/css/bootstrap-datetimepicker.min.css",PlainText,mod,3.34.1,9d359328379724918810fc0206c2fc49,8
65,"src/main/webapp/resources/bootstrap-datetimepicker-0.0.11/js/bootstrap-datetimepicker.min.js",PlainText,mod,3.34.1,0c8e62187d2006557974bc2383903a8d,26
66,"src/main/webapp/resources/css/application.css",PlainText,mod,3.34.1,d3bf5e3e00f202693e6366602513fae7,37
67,"src/main/webapp/resources/css/bootstrap-datetimepicker.min.css",PlainText,mod,3.34.1,cd2e0e43980a00fb6a2742d3afd803b8,7
68,"src/main/webapp/resources/css/bootstrap-responsive.css",PlainText,mod,3.34.1,66693cdfda47beb0a8a3d33a733a4c86,1119
69,"src/main/webapp/resources/css/bootstrap.css",PlainText,mod,3.34.1,f3c5b3f7880328fac788de5edad48070,6179
70,"src/main/webapp/resources/css/datepicker.css",PlainText,mod,3.34.1,6f176c2ae2ab406d4270126ab6467e2e,193
71,"src/main/webapp/resources/css/docs.css",PlainText,mod,3.34.1,dee1fe20bc23cb23bc11cd173e9ddcb2,1087
72,"src/main/webapp/resources/img/view-source www.eyecon.ro bootstrap-datepicker .html",PlainText,mod,3.34.1,efa21508fa6b6b8959fcda80d42c981b,23
73,"src/main/webapp/resources/js/README.md",PlainText,mod,3.34.1,92a2c7cf64389e0561cd9d48e9b577e5,106
74,"src/main/webapp/resources/js/application.js",PlainText,mod,3.34.1,55a06d5c61c888128b1639a90cfa2fbc,30
75,"src/main/webapp/resources/js/bootstrap-datepicker.js",PlainText,mod,3.34.1,d850c6813e24caf4ce1b3dca1e241712,475
76,"src/main/webapp/resources/js/html5shiv.js",PlainText,mod,3.34.1,262bb88879efaaf75c74154fe0308952,8
77,"src/main/webapp/resources/js/jquery.min.js",PlainText,mod,3.34.1,ace6bda2067c29bcd15eb89a8221df3d,4
78,".circleci/settings.xml",Xml.Document,mod,3.34.1,d661889539408458fd54911862b62697,30
79,"etc/license-mappings.xml",Xml.Document,mod,3.34.1,2e4668028ffa1e94fbb5be1b065aab09,38
80,"settings-example.xml",Xml.Document,mod,3.34.1,ec35ed149d361e687ca5bd1d00df5fa5,67
81,"settings.xml",Xml.Document,mod,3.34.1,7b3cb78ab53f330ac29733f6c9ec499c,41
82,"sourcetrail_dependencies/44ab9922-fbd1-4764-9d6b-1a671c9df64d/maven/effective-pom.xml",Xml.Document,mod,3.34.1,490224690459b1fc3ec82e968e6c0d58,840
83,"src/main/webapp/WEB-INF/applicationContext.xml",Xml.Document,mod,3.34.1,20a29e2a083c1e911c066e4d2f1600e7,63
84,"src/main/webapp/WEB-INF/jsp/400.jsp",ParseError,mod,3.34.1,7ca019ac6208cbed30adf4ffb4334748,23
85,"src/main/webapp/WEB-INF/jsp/403.jsp",ParseError,mod,3.34.1,18f8b79781fba3b516ceeedc90a67a7d,43
86,"src/main/webapp/WEB-INF/jsp/Sponsors.jsp",ParseError,mod,3.34.1,de762ae46f22e3a130e0eb0164ed3929,64
87,"src/main/webapp/WEB-INF/jsp/TermsOfService.jsp",ParseError,mod,3.34.1,c34e3b6b103539ffe1fbb367c9d2ffc0,91
88,"src/main/webapp/WEB-INF/jsp/UsagePolicy.jsp",ParseError,mod,3.34.1,13518aacbc89d68ff2ee0502488435db,88
89,"src/main/webapp/WEB-INF/jsp/about.jsp",ParseError,mod,3.34.1,d376a7ca0f4bd2240da5977a9842af46,56
90,"src/main/webapp/WEB-INF/jsp/access_confirmation.jsp",ParseError,mod,3.34.1,01764265af0d29148f54c750b01619a3,76
91,"src/main/webapp/WEB-INF/jsp/custodian/home.jsp",ParseError,mod,3.34.1,b795ae7bc2c9b73d0b9a62ac25e24933,132
92,"src/main/webapp/WEB-INF/jsp/custodian/oauth/tokens.jsp",ParseError,mod,3.34.1,aba9c6e41d1a965aa375477716e8d2fe,49
93,"src/main/webapp/WEB-INF/jsp/custodian/retailcustomers/show.jsp",ParseError,mod,3.34.1,d4078d8c954fd2b31d53249787803d6e,51
94,"src/main/webapp/WEB-INF/jsp/custodian/retailcustomers/usagepoints/form.jsp",ParseError,mod,3.34.1,1b8da53e5c62a972630e92d3c888ca92,60
95,"src/main/webapp/WEB-INF/jsp/custodian/upload.jsp",ParseError,mod,3.34.1,e6b03c6cb45c74804db660a6a32392c6,68
96,"src/main/webapp/WEB-INF/jsp/customer/error.jsp",ParseError,mod,3.34.1,3eb8cada605a2723016310367f73cb75,54
97,"src/main/webapp/WEB-INF/jsp/customer/home.jsp",ParseError,mod,3.34.1,ccdb28c427514dec5c03573054d4afb2,46
98,"src/main/webapp/WEB-INF/jsp/customer/meterreadings/show.jsp",ParseError,mod,3.34.1,fd733f8852b96ae9c7a411ee6638c7ae,134
99,"src/main/webapp/WEB-INF/jsp/customer/thirdparties/index.jsp",ParseError,mod,3.34.1,6a5b5a0619d45044334746f0a6cd9094,77
100,"src/main/webapp/WEB-INF/jsp/customer/usagepoints/index.jsp",ParseError,mod,3.34.1,5a2b16d030f620d3cfa8f940bfdf5d25,137
101,"src/main/webapp/WEB-INF/jsp/customer/usagepoints/show.jsp",ParseError,mod,3.34.1,6c2c70906fa99ccbf101e856a4d56c3f,206
102,"src/main/webapp/WEB-INF/jsp/error.jsp",ParseError,mod,3.34.1,11b2f9a7a61235b9a7ab1c3603d5d9ed,50
103,"src/main/webapp/WEB-INF/jsp/home.jsp",ParseError,mod,3.34.1,4f4b482ef15d7b5f9dc4a09b01c97e3e,80
104,"src/main/webapp/WEB-INF/jsp/login.jsp",ParseError,mod,3.34.1,eb06840a00bb3a3859237b169a307052,66
105,"src/main/webapp/WEB-INF/jsp/oauth_error.jsp",ParseError,mod,3.34.1,0a7a12e834f506c50a17dd4105ae77df,43
106,"src/main/webapp/WEB-INF/jsp/retailcustomers/form.jsp",ParseError,mod,3.34.1,d1e7045aa806dc69f9fbdb533ec38682,81
107,"src/main/webapp/WEB-INF/jsp/retailcustomers/index.jsp",ParseError,mod,3.34.1,7d556da395e37e089139abd56674e88e,78
108,"src/main/webapp/WEB-INF/jsp/tiles/custodian/header.jsp",ParseError,mod,3.34.1,30e27091118bdd169d4dc07859f6aa66,51
109,"src/main/webapp/WEB-INF/jsp/tiles/custodian/oauth/header.jsp",ParseError,mod,3.34.1,b9d2d5a325449b5918cf766e3413f6a4,51
110,"src/main/webapp/WEB-INF/jsp/tiles/customer/header.jsp",ParseError,mod,3.34.1,688111d7a430f9f0f5e87dcaf5a36ffc,63
111,"src/main/webapp/WEB-INF/jsp/tiles/footer.jsp",ParseError,mod,3.34.1,5d85687e7e4b5317136233be599fd6ca,39
112,"src/main/webapp/WEB-INF/jsp/tiles/head.jsp",ParseError,mod,3.34.1,ce7828a23b5e53d3fe94b261e3826817,50
113,"src/main/webapp/WEB-INF/jsp/tiles/header.jsp",ParseError,mod,3.34.1,3edb21bbd9ceaa4a9d9f8b22a387d6d1,46
114,"src/main/webapp/WEB-INF/spring-servlet.xml",Xml.Document,mod,3.34.1,280c14bf45c6972b88484670aa4fe5c4,37
115,"src/main/webapp/WEB-INF/web.xml",Xml.Document,mod,3.34.1,5a9fb81b807fa74f4430b73b5d25b8aa,123
116,"pom.xml",Xml.Document,modmaven,3.34.1,252edf8c33477df1918e3279800ec5d7,664
117,"src/main/java/org/greenbuttonalliance/espi/datacustodian/oauth/AccessConfirmationController.java",J.CompilationUnit,modmaven,3.34.1,07a0fa1c691a3884a857fb0eec177d77,87
118,"src/main/java/org/greenbuttonalliance/espi/datacustodian/oauth/EspiTokenEnhancer.java",J.CompilationUnit,modmaven,3.34.1,97e90cada5c88b4a826f5b566281c723,392
119,"src/main/java/org/greenbuttonalliance/espi/datacustodian/oauth/OauthAdminController.java",J.CompilationUnit,modmaven,3.34.1,22326620e08fdc3cb3f6cdba1879bf55,160
120,"src/main/java/org/greenbuttonalliance/espi/datacustodian/oauth/EspiUserApprovalHandler.java",J.CompilationUnit,modmaven,3.34.1,ae8374abb0a9993bd41d59961fb35c61,99
121,"src/main/java/org/greenbuttonalliance/espi/datacustodian/atom/EspiEntry.java",J.CompilationUnit,modmaven,3.34.1,effbc1bda6400a4137693ad2c21ecc48,103
122,"src/main/java/org/greenbuttonalliance/espi/datacustodian/web/VersionRESTController.java",J.CompilationUnit,modmaven,3.34.1,0b83da95d8a27d27606a20494900e8db,80
123,"src/main/java/org/greenbuttonalliance/espi/datacustodian/web/DefaultController.java",J.CompilationUnit,modmaven,3.34.1,25062d715b0356304b3c5c69d9aefd98,45
124,"src/main/java/org/greenbuttonalliance/espi/datacustodian/web/BaseController.java",J.CompilationUnit,modmaven,3.34.1,c021409580501000a641fdc85734d71d,42
125,"src/main/java/org/greenbuttonalliance/espi/datacustodian/web/api/ApplicationInformationRESTController.java",J.CompilationUnit,modmaven,3.34.1,1a8977e125f57b9200f7c1b3482d42da,188
126,"src/main/java/org/greenbuttonalliance/espi/datacustodian/web/api/IntervalBlockRESTController.java",J.CompilationUnit,modmaven,3.34.1,2bd01258d28e5388f8ec8d65576095d2,419
127,"src/main/java/org/greenbuttonalliance/espi/datacustodian/web/api/MeterReadingRESTController.java",J.CompilationUnit,modmaven,3.34.1,5189a14a0429789b6e82dfc44d903f71,371
128,"src/main/java/org/greenbuttonalliance/espi/datacustodian/web/api/ReadingTypeRESTController.java",J.CompilationUnit,modmaven,3.34.1,1e26629b93fcb6cfd185f90285a2b17b,170
129,"src/main/java/org/greenbuttonalliance/espi/datacustodian/web/api/ManageRESTController.java",J.CompilationUnit,modmaven,3.34.1,6164d1fb016f12f183dff58337fb7053,135
130,"src/main/java/org/greenbuttonalliance/espi/datacustodian/web/api/TimeConfigurationRESTController.java",J.CompilationUnit,modmaven,3.34.1,63f92965ab18aac2ab8a113f1be32d13,195
131,"src/main/java/org/greenbuttonalliance/espi/datacustodian/web/api/ServiceStatusRESTController.java",J.CompilationUnit,modmaven,3.34.1,70cc4374b6d291b08375de7375b2d083,119
132,"src/main/java/org/greenbuttonalliance/espi/datacustodian/web/api/ElectricPowerUsageSummaryRESTController.java",J.CompilationUnit,modmaven,3.34.1,9a404b0dfc9fb4957fa417580d59fd5f,392
133,"src/main/java/org/greenbuttonalliance/espi/datacustodian/web/api/ElectricPowerQualitySummaryRESTController.java",J.CompilationUnit,modmaven,3.34.1,e6f805b2860facac91cb773f898ad4eb,402
134,"src/main/java/org/greenbuttonalliance/espi/datacustodian/web/api/RetailCustomerRESTController.java",J.CompilationUnit,modmaven,3.34.1,6dd1bffd958b39d9badb7ec1eac4cab2,253
135,"src/main/java/org/greenbuttonalliance/espi/datacustodian/web/api/BatchRESTController.java",J.CompilationUnit,modmaven,3.34.1,1d1de36c0d0ac3660f13f033eb86292b,600
136,"src/main/java/org/greenbuttonalliance/espi/datacustodian/web/api/UsagePointRESTController.java",J.CompilationUnit,modmaven,3.34.1,7150013a5c310a1e14d3252f30d8ba98,372
137,"src/main/java/org/greenbuttonalliance/espi/datacustodian/web/api/AuthorizationRESTController.java",J.CompilationUnit,modmaven,3.34.1,9c17f8dfcba35c1827ef9edbde6b6f6f,335
138,"src/main/java/org/greenbuttonalliance/espi/datacustodian/web/HomeController.java",J.CompilationUnit,modmaven,3.34.1,fa7f171b0bdfd87f04b7946b2630ed08,40
139,"src/main/java/org/greenbuttonalliance/espi/datacustodian/web/filter/ResourceValidationFilter.java",J.CompilationUnit,modmaven,3.34.1,19628363f1a276f86178f071543f553a,520
140,"src/main/java/org/greenbuttonalliance/espi/datacustodian/web/filter/CORSFilter.java",J.CompilationUnit,modmaven,3.34.1,e4264d76b267a0a8801bebf28e1f9de9,158
141,"src/main/java/org/greenbuttonalliance/espi/datacustodian/web/custodian/RetailCustomerController.java",J.CompilationUnit,modmaven,3.34.1,fdbdee7719f2d788d556f85cef2861da,111
142,"src/main/java/org/greenbuttonalliance/espi/datacustodian/web/custodian/UploadForm.java",J.CompilationUnit,modmaven,3.34.1,a5ded1142a0a6844f151969c113e37ad,35
143,"src/main/java/org/greenbuttonalliance/espi/datacustodian/web/custodian/ManagementController.java",J.CompilationUnit,modmaven,3.34.1,6188e707c0f624e0d588f44c92bc210f,66
144,"src/main/java/org/greenbuttonalliance/espi/datacustodian/web/custodian/AssociateUsagePointController.java",J.CompilationUnit,modmaven,3.34.1,0eacdad7c4fdc5ee6020088c99159e87,172
145,"src/main/java/org/greenbuttonalliance/espi/datacustodian/web/custodian/UploadController.java",J.CompilationUnit,modmaven,3.34.1,bd85e1a5c7882e69596b294e2e1ca016,111
146,"src/main/java/org/greenbuttonalliance/espi/datacustodian/web/custodian/CustodianHomeController.java",J.CompilationUnit,modmaven,3.34.1,3d234a99ae45547258e7d338bc35f017,37
147,"src/main/java/org/greenbuttonalliance/espi/datacustodian/web/LoginController.java",J.CompilationUnit,modmaven,3.34.1,e7dbe347d5835f8077ecabd9218c6faf,36
148,"src/main/java/org/greenbuttonalliance/espi/datacustodian/web/customer/MeterReadingController.java",J.CompilationUnit,modmaven,3.34.1,da2fce056043297844eef5f16ad1d028,90
149,"src/main/java/org/greenbuttonalliance/espi/datacustodian/web/customer/UsagePointController.java",J.CompilationUnit,modmaven,3.34.1,9380d4b57fa7e14e818712480ad7e47a,188
150,"src/main/java/org/greenbuttonalliance/espi/datacustodian/web/customer/ScopeSelectionController.java",J.CompilationUnit,modmaven,3.34.1,044ef95ca0a96417a564d601e39ee16d,79
151,"src/main/java/org/greenbuttonalliance/espi/datacustodian/web/customer/CustomerHomeController.java",J.CompilationUnit,modmaven,3.34.1,1fd0da07d7f029cfbc7944a58e870b6f,37
152,"src/main/java/org/greenbuttonalliance/espi/datacustodian/web/customer/ThirdPartyController.java",J.CompilationUnit,modmaven,3.34.1,a7547a7dcadcb60bc0966cf6e2cd5aec,76
153,"src/main/java/org/greenbuttonalliance/espi/datacustodian/web/customer/CustomerDownloadMyDataController.java",J.CompilationUnit,modmaven,3.34.1,83c2bfd96f3af9219831a07d2bf07300,95
154,"src/main/java/org/greenbuttonalliance/espi/datacustodian/utils/URLHelper.java",J.CompilationUnit,modmaven,3.34.1,eb5331b3fe673fd125972ec71fd3445b,48
155,"src/main/java/org/greenbuttonalliance/espi/datacustodian/utils/VerifyURLParams.java",J.CompilationUnit,modmaven,3.34.1,5a12fb717d7e8e367400b7577b78a328,132
156,"src/main/java/org/greenbuttonalliance/espi/datacustodian/service/impl/UpdateServiceImpl.java",J.CompilationUnit,modmaven,3.34.1,189aa0ccc5a7617dfaa62dba15fdc617,59
157,"src/main/java/org/greenbuttonalliance/espi/datacustodian/service/UpdateService.java",J.CompilationUnit,modmaven,3.34.1,4e947dfe77fad12b06192cf4d03ebf60,28
158,"src/main/java/org/greenbuttonalliance/espi/datacustodian/console/ImportUsagePoint.java",J.CompilationUnit,modmaven,3.34.1,7e118bc893d17966237e7a1470e75017,70
159,"src/main/resources/spring/datasource-config.xml",Xml.Document,modmaven,3.34.1,ee10e3dc910e003cd1ba979ddd7a1e78,37
160,"src/main/resources/spring/data-config.xml",Xml.Document,modmaven,3.34.1,f184ac15c40f018e926bdc1f67190840,25
161,"src/main/resources/spring/oauth-RS-config.xml",Xml.Document,modmaven,3.34.1,0ad70e28d1c9b5f139924122222ee154,99
162,"src/main/resources/spring/oauth-AS-config.xml",Xml.Document,modmaven,3.34.1,d18a14826b96db760bc7647eba16d434,268
163,"src/main/resources/spring/business-config.xml",Xml.Document,modmaven,3.34.1,689f34070f46bea98bebdde73bc28817,146
164,"src/main/resources/commons-logging.properties",Properties.File,modmaven,3.34.1,87762fcdc049353ac95a334ee5916090,22
165,"src/main/resources/simplelog.properties",Properties.File,modmaven,3.34.1,07472cf4164fe046b721a94fd1488953,26
166,"src/main/resources/log4j.properties",Properties.File,modmaven,3.34.1,c63292350776811b02742253ea9b435e,40
167,"src/main/resources/spring/mysql-data-access.properties",Properties.File,modmaven,3.34.1,6f929139d699dadd3fa5627204b6f2f5,36
168,"src/main/resources/spring/hsql-data-access.properties",Properties.File,modmaven,3.34.1,00bfbde3678815777e08b7e1cafd77f1,32
169,"mvnw.cmd",PlainText,modmaven,3.34.1,27d4000c6191fc39c002b675be53eb3d,182
170,".mvn/wrapper/maven-wrapper.jar",Quark,modmaven,3.34.1,b6fe6af90f3685052f5e4442a2b175d7,0
171,".mvn/wrapper/maven-wrapper.properties",Properties.File,modmaven,3.34.1,db884cf2972903843cfb31e7309998fe,2
172,"mvnw",PlainText,modmaven,3.34.1,da6c7e89f2da1e33da7d02d95021e753,310
173,"src/test/java/org/greenbuttonalliance/espi/datacustodian/mocks/MockConsumerTokenServices.java",J.CompilationUnit,modmaven,3.34.1,18d39fa5a61fd61c98a88bd030fbdf6d,50
174,"src/test/java/org/greenbuttonalliance/espi/datacustodian/BaseTest.java",J.CompilationUnit,modmaven,3.34.1,35e1efa167fb04bbc4bb42036507d11d,31
175,"src/test/java/org/greenbuttonalliance/espi/datacustodian/oauth/EspiTokenEnhancerTests.java",J.CompilationUnit,modmaven,3.34.1,27c031d08d22df34b68eb64867e4a09d,136
176,"src/test/java/org/greenbuttonalliance/espi/datacustodian/web/ExportFilterTests.java",J.CompilationUnit,modmaven,3.34.1,427ff7a167181d0159ca6d61b45d67da,162
177,"src/test/java/org/greenbuttonalliance/espi/datacustodian/web/DefaultControllerTest.java",J.CompilationUnit,modmaven,3.34.1,2d31f797c7794b4a2be5ae0c3b7b46c6,52
178,"src/test/java/org/greenbuttonalliance/espi/datacustodian/web/HomeControllerTests.java",J.CompilationUnit,modmaven,3.34.1,c60542ea47cc84341565b34423443914,56
179,"src/test/java/org/greenbuttonalliance/espi/datacustodian/web/LoginControllerTests.java",J.CompilationUnit,modmaven,3.34.1,6bdaeef151d1079a1ff7229be8b7b199,50
180,"src/test/java/org/greenbuttonalliance/espi/datacustodian/web/api/ExportServiceTests.java",J.CompilationUnit,modmaven,3.34.1,2468835ba54d287abdf081cb5ee439d4,210
181,"src/test/java/org/greenbuttonalliance/espi/datacustodian/web/filter/CORSFilterTests.java",J.CompilationUnit,modmaven,3.34.1,421a22d30988d443efce2100a9f08386,44
182,"src/test/java/org/greenbuttonalliance/espi/datacustodian/web/custodian/RetailCustomerUsagePointControllerTests.java",J.CompilationUnit,modmaven,3.34.1,e51352107fa13fcaa7eaf2b0ff0fc3bf,112
183,"src/test/java/org/greenbuttonalliance/espi/datacustodian/web/custodian/CustodianHomeControllerTests.java",J.CompilationUnit,modmaven,3.34.1,559e582d059de79cc731325bf10e60e2,34
184,"src/test/java/org/greenbuttonalliance/espi/datacustodian/web/custodian/UploadControllerTests.java",J.CompilationUnit,modmaven,3.34.1,b261c1c5d4ee260ec1cf0890a1e2f961,89
185,"src/test/java/org/greenbuttonalliance/espi/datacustodian/web/custodian/AssociateUsagePointControllerTests.java",J.CompilationUnit,modmaven,3.34.1,aa6db4388f9c338e071a437f07befa75,115
186,"src/test/java/org/greenbuttonalliance/espi/datacustodian/web/customer/CustomerHomeControllerTests.java",J.CompilationUnit,modmaven,3.34.1,cb4d69a5012ad91fcc11357a48d6d689,34
187,"src/test/java/org/greenbuttonalliance/espi/datacustodian/web/customer/MeterReadingControllerTest.java",J.CompilationUnit,modmaven,3.34.1,a74d57e37d5501b5c3d3865db0422181,61
188,"src/test/java/org/greenbuttonalliance/espi/datacustodian/web/customer/ScopeSelectionControllerTests.java",J.CompilationUnit,modmaven,3.34.1,728828d4f91724f790465f506e895224,62
189,"src/test/java/org/greenbuttonalliance/espi/datacustodian/web/customer/UsagePointControllerTests.java",J.CompilationUnit,modmaven,3.34.1,974ed704454dc585eb6d44e0eb00615c,95
190,"src/test/java/org/greenbuttonalliance/espi/datacustodian/integration/web/filters/CORSFilterTests.java",J.CompilationUnit,modmaven,3.34.1,0a4e3f333e0c5b900219b5d59fdb279b,82
191,"src/test/java/org/greenbuttonalliance/espi/datacustodian/integration/ImportDBTest.java",J.CompilationUnit,modmaven,3.34.1,948dac792a9436e6f328565c96f470ad,53
192,"src/test/java/org/greenbuttonalliance/espi/datacustodian/integration/utils/ATOMContentHandlerTests.java",J.CompilationUnit,modmaven,3.34.1,5b2bf5bfb730edbe363079baa35f4e1f,78
193,"src/test/java/org/greenbuttonalliance/espi/datacustodian/integration/HomeTests.java",J.CompilationUnit,modmaven,3.34.1,5bbab5b5ceaa6a999eaa7411e3ff6dfe,70
194,"src/test/java/org/greenbuttonalliance/espi/datacustodian/integration/SeedDataGeneratorTest.java",J.CompilationUnit,modmaven,3.34.1,f3381f7bb52d90053a9107563ab61651,56
195,"src/test/java/org/greenbuttonalliance/espi/datacustodian/utils/factories/FixtureFactory.java",J.CompilationUnit,modmaven,3.34.1,56cbf9c48ed3d2be69bbb2c41c95442a,107
196,"src/test/java/org/greenbuttonalliance/espi/datacustodian/utils/factories/EspiFactory.java",J.CompilationUnit,modmaven,3.34.1,377b0b7d9194e848a90a04358a1a39e2,414
197,"src/test/java/org/greenbuttonalliance/espi/datacustodian/repositories/jpa/MeterReadingRepositoryImplTests.java",J.CompilationUnit,modmaven,3.34.1,87f49f513470cca095078d49d1f452c6,68
198,"src/test/java/org/greenbuttonalliance/espi/datacustodian/models/atom/EntryTypeTests.java",J.CompilationUnit,modmaven,3.34.1,3e0e495b012ff4bd9618f89915b1a995,58
199,"src/test/java/org/greenbuttonalliance/espi/datacustodian/support/TestUtils.java",J.CompilationUnit,modmaven,3.34.1,95d6bf59400b659af56903d0add6349c,169
200,"src/test/java/org/greenbuttonalliance/espi/datacustodian/domain/BatchListMarshallerTest.java",J.CompilationUnit,modmaven,3.34.1,c68f8ba63c301e1a03e6a6367ad2025b,75
201,"src/test/java/org/greenbuttonalliance/espi/datacustodian/domain/UsagePointTests.java",J.CompilationUnit,modmaven,3.34.1,9419d61aaa195f9b80b8488ab963fdba,80
202,"src/test/java/org/greenbuttonalliance/espi/datacustodian/domain/IdentifiedObjectTests.java",J.CompilationUnit,modmaven,3.34.1,eb4850f5494e680e3dfced16638c7d79,105
203,"src/test/java/org/greenbuttonalliance/espi/datacustodian/domain/XMLTest.java",J.CompilationUnit,modmaven,3.34.1,d38b1bb726814c7a2dea6cb5e44bc594,33
204,"src/test/java/org/greenbuttonalliance/espi/datacustodian/domain/MeterReadingTests.java",J.CompilationUnit,modmaven,3.34.1,4ee9dd23af1fb4df6c74267cb9907fdd,89
205,"src/test/java/org/greenbuttonalliance/espi/datacustodian/console/ImportUsagePointTests.java",J.CompilationUnit,modmaven,3.34.1,47eb50dd433b66ea2c87055a84a3a1c9,52
206,"src/test/java/features/CucumberFeatures.java",J.CompilationUnit,modmaven,3.34.1,2869790f53900c3e303fe3e6dc304e60,29
207,"src/test/java/features/steps/APISteps.java",J.CompilationUnit,modmaven,3.34.1,19a96cff1bd4ba3d2985b6eefde66d4c,202
208,"src/test/java/features/steps/StepUtils.java",J.CompilationUnit,modmaven,3.34.1,ecefe4bc82e161c3a7634eae50bd22b8,167
209,"src/test/java/features/steps/RetailCustomerSteps.java",J.CompilationUnit,modmaven,3.34.1,823aa95ac17d0aaf8859ecdf9be1f78b,305
210,"src/test/java/features/steps/DataCustodianSteps.java",J.CompilationUnit,modmaven,3.34.1,5f7af0a72990aed10d29c604cfb19935,171
211,"src/test/java/features/steps/SharedSteps.java",J.CompilationUnit,modmaven,3.34.1,765ae7b81fd59b29d4676e7d31885985,101
212,"src/test/java/features/steps/IntegrationSteps.java",J.CompilationUnit,modmaven,3.34.1,d4dab7d1d713f0dc26279b8160bf0909,164
213,"src/test/java/features/steps/UsagePointSteps.java",J.CompilationUnit,modmaven,3.34.1,dfefa808b3b548bc23d0da992d9e8328,94
214,"src/test/resources/fixtures/test_usage_data.xml",Xml.Document,modmaven,3.34.1,99d478a23baaeb9c576e92e6a92f6295,12499
215,"src/test/resources/fixtures/ServiceCategory.xml",Xml.Document,modmaven,3.34.1,1d7b7fbaa7c4c76e56e247160019d8ce,24
216,"src/test/resources/fixtures/usage_point.xml",Xml.Document,modmaven,3.34.1,39c42f88adf7fa4a7212c39fe9744016,48
217,"src/test/resources/cucumber.xml",Xml.Document,modmaven,3.34.1,e1ec726affab9ee3847845b9c1ce6dc2,25
218,"src/test/resources/spring/test-context.xml",Xml.Document,modmaven,3.34.1,b967e8764d03d35e307688c04fb393e4,47
219,"src/test/resources/spring/test-service-context.xml",Xml.Document,modmaven,3.34.1,a174afa63b2d470f6103192363ebb4d5,37
220,"src/test/resources/log4j.properties",Properties.File,modmaven,3.34.1,7dd1738efc31bcfe50898482977faca2,39
221,"src/test/resources/features/DataCustodian.feature",Quark,modmaven,3.34.1,e4998d377faa859e3c61be6660b6784c,0
222,"src/test/resources/features/ImportUsagePoint.feature",Quark,modmaven,3.34.1,a0e137abb1e08056f8f3d2aac4a3390b,0
223,"src/test/resources/features/Integration.feature",Quark,modmaven,3.34.1,46c255ea4cf7633953e4c258b7842f47,0
224,"src/test/resources/features/API.feature",Quark,modmaven,3.34.1,5a3b7eeda43f4d4e5296805d58835130,0
225,"src/test/resources/features/Authentication.feature",Quark,modmaven,3.34.1,c6dc514b2b5fdde4782442f124e934e8,0
226,"src/test/resources/features/RetailCustomers.feature",Quark,modmaven,3.34.1,4976d5fa0dcef6ccf1523f8f40fba6df,0
227,"mvnw.cmd",PlainText,modmaven,3.34.1,27d4000c6191fc39c002b675be53eb3d,182
228,".mvn/wrapper/maven-wrapper.jar",Quark,modmaven,3.34.1,b6fe6af90f3685052f5e4442a2b175d7,0
229,".mvn/wrapper/maven-wrapper.properties",Properties.File,modmaven,3.34.1,db884cf2972903843cfb31e7309998fe,2
230,"mvnw",PlainText,modmaven,3.34.1,da6c7e89f2da1e33da7d02d95021e753,310
